{
  "request_throughput": {
    "unit": "requests/sec",
    "avg": 0.31455262548511714
  },
  "request_latency": {
    "unit": "ms",
    "avg": 3107.7468748939395,
    "p25": 2414.201688,
    "p50": 3102.6717825,
    "p75": 3613.4189402499997,
    "p90": 4364.4318375,
    "p95": 4739.337589,
    "p99": 4895.851983649999,
    "min": 1539.201857,
    "max": 4929.650033,
    "std": 856.3187012029398
  },
  "request_count": {
    "unit": "count",
    "avg": 66.0
  },
  "time_to_first_token": {
    "unit": "ms",
    "avg": 2197.1986507727274,
    "p25": 1499.180198,
    "p50": 2088.661403,
    "p75": 2795.5741095,
    "p90": 3418.5895404999997,
    "p95": 3714.224017,
    "p99": 4323.045905799997,
    "min": 498.821443,
    "max": 4668.331423,
    "std": 874.2925994363524
  },
  "time_to_second_token": {
    "unit": "ms",
    "avg": 8.629121772727274,
    "p25": 7.51404175,
    "p50": 8.133208,
    "p75": 8.890813999999999,
    "p90": 11.666611,
    "p95": 12.24593,
    "p99": 12.604444249999997,
    "min": 7.4126199999999995,
    "max": 12.786921999999999,
    "std": 1.566290430544594
  },
  "inter_token_latency": {
    "unit": "ms",
    "avg": 7.503457666666667,
    "p25": 6.403615749999999,
    "p50": 7.0842575,
    "p75": 7.5954602499999995,
    "p90": 10.3716945,
    "p95": 10.6096375,
    "p99": 11.535691549999992,
    "min": 5.882363,
    "max": 12.225467,
    "std": 1.562247111012515
  },
  "output_token_throughput": {
    "unit": "tokens/sec",
    "avg": 25.824770552328115
  },
  "output_token_throughput_per_request": {
    "unit": "tokens/sec",
    "avg": 42.23106270955348,
    "p25": 22.904873854203526,
    "p50": 40.527914809880954,
    "p75": 56.81020427023543,
    "p90": 73.37259950953917,
    "p95": 84.47484861095604,
    "p99": 110.68007529288333,
    "min": 0.48236058343934984,
    "max": 124.19817189473623,
    "std": 25.117392034669948
  },
  "output_sequence_length": {
    "unit": "tokens",
    "avg": 124.39393939393939,
    "p25": 66.0,
    "p50": 111.0,
    "p75": 166.25,
    "p90": 237.5,
    "p95": 277.5,
    "p99": 301.54999999999995,
    "min": 2.0,
    "max": 310.0,
    "std": 76.34191008873388
  },
  "input_sequence_length": {
    "unit": "tokens",
    "avg": 152.5,
    "p25": 125.25,
    "p50": 157.0,
    "p75": 178.5,
    "p90": 199.0,
    "p95": 204.75,
    "p99": 213.35,
    "min": 82.0,
    "max": 214.0,
    "std": 34.71496489813562
  },
  "input_config": {
    "subcommand": "profile",
    "model": [
      "openai/gpt-oss-20b"
    ],
    "model_selection_strategy": "round_robin",
    "backend": "tensorrtllm",
    "endpoint": "v1/chat/completions",
    "endpoint_type": "chat",
    "service_kind": "openai",
    "server_metrics_url": null,
    "streaming": true,
    "u": "http://vllm-service:80",
    "image_width_mean": 100,
    "image_width_stddev": 0,
    "image_height_mean": 100,
    "image_height_stddev": 0,
    "image_format": null,
    "batch_size_image": 1,
    "batch_size_text": 1,
    "goodput": null,
    "header": null,
    "num_dataset_entries": 200,
    "num_prefix_prompts": 0,
    "output_tokens_mean": 400,
    "output_tokens_mean_deterministic": false,
    "output_tokens_stddev": 30,
    "random_seed": 42,
    "request_count": 100,
    "synthetic_input_tokens_mean": 150,
    "synthetic_input_tokens_stddev": 30,
    "prefix_prompt_length": 100,
    "warmup_request_count": 10,
    "verbose": false,
    "artifact_dir": "/root/.cache/huggingface/hub/benchmark_results/genai-perf/262060f8-323f-4cfa-a9ab-87fe2e441d07/openai/gpt-oss-20b/token400",
    "generate_plots": true,
    "profile_export_file": "/root/.cache/huggingface/hub/benchmark_results/genai-perf/262060f8-323f-4cfa-a9ab-87fe2e441d07/openai/gpt-oss-20b/token400/profile_export.json",
    "concurrency": 1,
    "measurement_interval": 10000,
    "request_rate": null,
    "stability_percentage": 999,
    "tokenizer": "hf-internal-testing/llama-tokenizer",
    "tokenizer_revision": "main",
    "tokenizer_trust_remote_code": false,
    "synthetic_input_files": null,
    "prompt_source": "synthetic",
    "formatted_model_name": "openai/gpt-oss-20b",
    "extra_inputs": {}
  }
}